"249180010","PSZCZYNA","2024","01",10.1,"",3.1,"",-17.3,"",-2.6,"",.0,"",-24.1,"",81.7,"",13.2,"","06","",9,"",16,12,10
"249180010","PSZCZYNA","2024","02",18.2,"",10.2,"",-1.2,"",3.2,"",6.4,"",-4.4,"",93.4,"",19.7,"","08","",0,"",0,21,1
"249180010","PSZCZYNA","2024","03",23.0,"",12.5,"",-3.0,"",3.7,"",7.4,"",-6.0,"",54.2,"",8.9,"","12","",0,"",0,15,2
"249180010","PSZCZYNA","2024","04",27.2,"",17.1,"",-2.0,"",6.0,"",11.2,"",-6.0,"",64.3,"",19.2,"","01","",0,"",0,12,2
"249180160","BRENNA","2024","01",10.8,"",4.3,"",-20.6,"",-2.9,"",.6,"",-24.0,"",74.1,"",13.7,"","01","",9,"",15,12,9
"249180160","BRENNA","2024","02",17.8,"",10.7,"",-1.4,"",3.1,"",6.9,"",-2.7,"",69.5,"",18.1,"","04","",4,"",1,15,2
"249180160","BRENNA","2024","03",22.9,"",12.6,"",-4.1,"",2.8,"",7.2,"",-5.4,"",64.7,"",15.8,"","12","",0,"",0,13,2
"249180160","BRENNA","2024","04",27.7,"",16.8,"",-1.9,"",5.2,"",10.7,"",-5.0,"",89.6,"",24.8,"","01","",4,"",2,13,3
"249190560","JAB£ONKA","2024","01",6.4,"",1.3,"",-23.6,"",-6.4,"",-2.9,"",.0,"8",81.4,"",12.3,"","01","",20,"",25,7,17
"249190560","JAB£ONKA","2024","02",13.8,"",8.3,"",-6.2,"",.6,"",4.0,"",.0,"8",47.6,"",15.4,"","04","",9,"",4,16,2
"249190560","JAB£ONKA","2024","03",21.2,"",10.8,"",-7.9,"",-.1,"",4.5,"",.0,"8",41.5,"",7.0,"","16","",2,"",2,13,5
"249190560","JAB£ONKA","2024","04",24.9,"",15.3,"",-4.6,"",2.3,"",8.2,"",.0,"8",63.1,"",12.4,"","24","",4,"",1,8,6
"249190670","POLANA CHOCHO£OWSKA","2024","01",8.2,"",1.3,"",-16.6,"",-6.2,"",-2.7,"",.0,"8",136.9,"",16.4,"","27","",60,"",31,6,18
"249190670","POLANA CHOCHO£OWSKA","2024","02",11.9,"",5.7,"",-6.5,"",-.1,"",2.7,"",.0,"8",146.6,"",31.9,"","04","",49,"",24,11,10
"249190670","POLANA CHOCHO£OWSKA","2024","03",16.7,"",6.9,"",-7.9,"",-.2,"",3.1,"",.0,"8",120.3,"",20.1,"","16","",6,"",7,12,11
"249190670","POLANA CHOCHO£OWSKA","2024","04",21.7,"",11.5,"",-5.5,"",2.7,"",6.6,"",.0,"8",110.8,"",19.1,"","01","",12,"",9,9,10
"249190890","RADZIECHOWY","2024","01",9.3,"",3.7,"",-21.5,"",-3.7,"",-.4,"",-23.5,"",107.4,"",16.3,"","24","",11,"",13,11,8
"249190890","RADZIECHOWY","2024","02",18.2,"",10.8,"",-2.7,"",2.9,"",6.4,"",-5.4,"",63.8,"",14.8,"","04","",3,"",1,15,1
"249190890","RADZIECHOWY","2024","03",22.7,"",12.7,"",-6.3,"",2.0,"",6.8,"",-8.2,"",43.0,"",9.0,"","12","",0,"",0,10,4
"249190890","RADZIECHOWY","2024","04",27.2,"",17.1,"",-3.3,"",4.5,"",10.5,"",-6.0,"",56.9,"",14.7,"","01","",0,"",0,8,3
"249200020","£AZY","2024","01",10.7,"",3.7,"",-23.4,"",-2.6,"",.1,"",.0,"8",74.4,"",14.1,"","01","",14,"",16,9,12
"249200020","£AZY","2024","02",18.0,"",10.7,"",-1.9,"",3.9,"",7.0,"",.0,"8",52.4,"",11.8,"","05","",0,"",0,13,1
"249200020","£AZY","2024","03",24.9,"",12.4,"",-3.3,"",4.0,"",7.6,"",.0,"8",51.4,"",14.1,"","16","",1,"",1,14,1
"249200020","£AZY","2024","04",27.0,"",17.2,"",-.2,"",6.8,"",11.7,"",.0,"8",102.5,"",27.7,"","20","",0,"",0,10,3
"249200130","JASTRZÊBIA","2024","01",10.4,"",3.4,"",-24.0,"",-3.8,"",-.7,"",.0,"8",91.2,"",16.5,"","01","",15,"",18,7,14
"249200130","JASTRZÊBIA","2024","02",18.4,"",10.8,"",-4.2,"",2.3,"",5.9,"",.0,"8",50.2,"",11.5,"","04","",1,"",1,13,2
"249200130","JASTRZÊBIA","2024","03",25.6,"",12.7,"",-3.4,"",2.6,"",6.8,"",.0,"8",47.0,"",9.8,"","16","",1,"",1,14,3
"249200130","JASTRZÊBIA","2024","04",26.6,"",17.4,"",-1.4,"",4.7,"",10.7,"",.0,"8",74.4,"",22.5,"","02","",0,"",0,14,0
"249200180","LIMANOWA","2024","01",8.7,"",2.8,"",-17.7,"",-3.3,"",-.6,"",-26.4,"",106.9,"",15.2,"","01","",19,"",23,10,17
"249200180","LIMANOWA","2024","02",15.8,"",9.6,"",-1.5,"",3.1,"",5.9,"",-3.1,"",73.2,"",29.2,"","04","",12,"",3,13,3
"249200180","LIMANOWA","2024","03",23.3,"",11.2,"",-2.7,"",3.2,"",6.6,"",-5.2,"",47.7,"",10.2,"","16","",4,"",1,11,5
"249200180","LIMANOWA","2024","04",25.9,"",16.1,"",-.4,"",6.1,"",10.6,"",-1.8,"",95.5,"",23.5,"","02","",4,"",1,10,4
"249200260","£¥CKO","2024","01",9.9,"",3.9,"",-20.1,"",-3.4,"",-.1,"",.0,"8",58.4,"",10.8,"","01","",9,"",12,11,7
"249200260","£¥CKO","2024","02",17.0,"",11.0,"",-3.6,"",2.6,"",6.2,"",.0,"8",46.4,"",21.4,"","04","",7,"",1,13,2
"249200260","£¥CKO","2024","03",24.7,"",12.7,"",-3.6,"",2.5,"",6.8,"",.0,"8",32.6,"",7.9,"","05","",2,"",1,8,4
"249200260","£¥CKO","2024","04",27.1,"",17.4,"",-1.6,"",4.5,"",10.6,"",.0,"8",50.5,"",14.0,"","24","",0,"",0,12,1
"249200370","KROŒCIENKO","2024","01",8.4,"",2.9,"",-19.5,"",-4.4,"",-1.4,"",.0,"8",82.4,"",15.0,"","24","",16,"",25,5,15
"249200370","KROŒCIENKO","2024","02",15.7,"",10.3,"",-3.8,"",2.4,"",5.6,"",.0,"8",53.8,"",22.5,"","04","",4,"",3,12,2
"249200370","KROŒCIENKO","2024","03",23.8,"",12.3,"",-4.7,"",2.4,"",6.4,"",.0,"8",24.8,"",5.5,"","28","",0,"",0,9,3
"249200370","KROŒCIENKO","2024","04",26.0,"",16.9,"",-2.0,"",4.1,"",9.9,"",.0,"8",69.0,"",15.5,"","24","",0,"",0,12,0
"249200420","NIEDZICA","2024","01",9.1,"",2.0,"",-20.8,"",-5.2,"",-2.2,"",.0,"8",74.0,"",13.0,"","24","",16,"",25,3,17
"249200420","NIEDZICA","2024","02",16.1,"",9.4,"",-4.5,"",1.6,"",4.9,"",.0,"8",66.7,"",23.5,"","04","",10,"",5,14,2
"249200420","NIEDZICA","2024","03",22.8,"",11.5,"",-5.1,"",2.2,"",6.0,"",.0,"8",39.5,"",13.0,"","12","",0,"",0,10,6
"249200420","NIEDZICA","2024","04",26.3,"",15.8,"",-2.5,"",3.7,"",9.2,"",.0,"8",75.5,"",20.0,"","20","",0,"",0,6,6
"249200480","BUKOWINA TATRZAÑSKA","2024","01",8.1,"",1.5,"",-17.1,"",-5.1,"",-2.2,"",.0,"8",74.4,"",11.8,"","01","25",31,"",27,4,16
"249200480","BUKOWINA TATRZAÑSKA","2024","02",12.6,"",7.3,"",-2.6,"",1.2,"",3.9,"",.0,"8",49.2,"",12.7,"","04","",26,"",7,14,5
"249200480","BUKOWINA TATRZAÑSKA","2024","03",19.8,"",9.4,"",-4.5,"",1.2,"",4.6,"",.0,"8",63.5,"",11.4,"","16","",5,"",5,7,10
"249200480","BUKOWINA TATRZAÑSKA","2024","04",22.8,"",13.3,"",-2.4,"",4.3,"",8.3,"",.0,"8",82.8,"",17.6,"","02","",9,"",5,7,7
"249200550","DOLINA PIÊCIU STAWÓW","2024","01",5.3,"",-.2,"",-14.2,"",-8.3,"",-4.6,"",.0,"8",103.2,"",18.6,"","25","",125,"",31,1,20
"249200550","DOLINA PIÊCIU STAWÓW","2024","02",8.3,"",2.6,"",-10.5,"",-2.6,"",-.2,"",.0,"8",132.8,"",19.0,"","11","",138,"",29,0,20
"249200550","DOLINA PIÊCIU STAWÓW","2024","03",10.3,"",2.5,"",-10.2,"",-2.7,"",-.5,"",.0,"8",127.5,"",15.9,"","12","",116,"",31,2,17
"249200550","DOLINA PIÊCIU STAWÓW","2024","04",15.8,"",6.8,"",-8.0,"",.3,"",3.1,"",.0,"8",114.7,"",16.9,"","20","",105,"",30,4,13
"249200920","PIWNICZNA","2024","01",10.1,"",2.8,"",-18.6,"",-4.8,"",-1.5,"",.0,"8",63.4,"",11.2,"","01","",14,"",19,8,9
"249200920","PIWNICZNA","2024","02",17.2,"",10.2,"",-3.6,"",2.0,"",5.5,"",.0,"8",41.6,"",15.0,"","04","",1,"",1,13,2
"249200920","PIWNICZNA","2024","03",23.3,"",12.0,"",-4.4,"",2.1,"",6.3,"",.0,"8",45.1,"",8.7,"","12","",0,"",0,11,5
"249200920","PIWNICZNA","2024","04",25.1,"",17.0,"",-1.8,"",4.0,"",9.8,"",.0,"8",53.3,"",14.3,"","24","",0,"",0,12,0
"249200930","PORONIN","2024","01",7.9,"",2.2,"",-22.9,"",-7.7,"",-3.3,"",.0,"8",77.7,"",15.8,"","01","",18,"",27,6,16
"249200930","PORONIN","2024","02",13.5,"",8.2,"",-8.5,"",.2,"",3.7,"",.0,"8",46.9,"",13.2,"","04","",15,"",7,16,5
"249200930","PORONIN","2024","03",20.3,"",10.1,"",-6.5,"",-.1,"",4.2,"",.0,"8",64.2,"",9.6,"","28","",9,"",4,11,9
"249200930","PORONIN","2024","04",23.7,"",14.0,"",-4.4,"",2.1,"",7.8,"",.0,"8",98.4,"",19.3,"","20","",9,"",4,10,9
"249200980","MSZANA DOLNA","2024","01",7.9,"",3.0,"",-21.1,"",-3.6,"",-.8,"",.0,"8",87.4,"",17.1,"","04","",16,"",17,9,12
"249200980","MSZANA DOLNA","2024","02",16.7,"",10.1,"",-3.0,"",2.6,"",5.8,"",.0,"8",74.6,"",28.5,"","04","",9,"",1,15,2
"249200980","MSZANA DOLNA","2024","03",23.0,"",11.8,"",-4.7,"",1.8,"",6.0,"",.0,"8",43.7,"",9.5,"","16","",1,"",1,12,5
"249200980","MSZANA DOLNA","2024","04",27.4,"",16.4,"",-2.4,"",4.4,"",9.8,"",.0,"8",92.1,"",25.6,"","03","",0,"",0,14,0
"249220040","DYNÓW","2024","01",8.6,"",2.6,"",-20.7,"",-4.0,"",-1.1,"",-21.8,"",101.7,"",12.0,"","27","",21,"",18,8,13
"249220040","DYNÓW","2024","02",18.1,"",10.0,"",-4.3,"",2.4,"",5.8,"",-5.2,"",54.6,"",11.2,"","05","",0,"",0,14,2
"249220040","DYNÓW","2024","03",22.9,"",10.9,"",-4.2,"",2.6,"",6.1,"",-4.6,"",53.1,"",12.4,"","05","",0,"",0,12,2
"249220040","DYNÓW","2024","04",25.0,"",17.0,"",.4,"",4.9,"",10.5,"",-1.1,"",42.4,"",15.2,"","02","",0,"",0,10,0
"249220150","SOLINA-JAWOR","2024","01",8.6,"",2.2,"",-18.3,"",-3.7,"",-1.0,"",-18.5,"",89.5,"",13.9,"","06","",13,"",25,5,17
"249220150","SOLINA-JAWOR","2024","02",17.4,"",9.4,"",-4.6,"",2.4,"",5.5,"",-6.8,"",63.5,"",19.6,"","05","",9,"",5,13,3
"249220150","SOLINA-JAWOR","2024","03",21.7,"",11.3,"",-3.9,"",2.3,"",6.2,"",-7.2,"",79.9,"",18.7,"","28","",2,"",2,10,7
"249220150","SOLINA-JAWOR","2024","04",23.8,"",16.1,"",-1.0,"",5.1,"",10.3,"",-3.6,"",58.8,"",21.4,"","02","",0,"",0,14,1
"249220180","KOMAÑCZA","2024","01",8.3,"",1.8,"",-18.2,"",-5.4,"",-2.1,"",.0,"8",106.5,"",14.8,"","06","",22,"",24,4,19
"249220180","KOMAÑCZA","2024","02",16.8,"",8.6,"",-7.0,"",.6,"",4.2,"",.0,"8",71.3,"",10.5,"","04","",20,"",7,15,3
"249220180","KOMAÑCZA","2024","03",21.7,"",11.3,"",-7.5,"",.7,"",5.4,"",.0,"8",63.4,"",22.6,"","28","",1,"",4,12,5
"249220180","KOMAÑCZA","2024","04",24.7,"",16.2,"",-3.5,"",3.2,"",9.3,"",.0,"8",53.9,"",22.8,"","02","",1,"",1,11,2
"250180580","DRONIOWICE","2024","01",10.7,"",3.1,"",-18.5,"",-2.9,"",-.4,"",-20.1,"",69.0,"",8.3,"","01","",19,"",18,12,11
"250180580","DRONIOWICE","2024","02",18.2,"",10.6,"",-2.0,"",3.4,"",6.4,"",-4.4,"",85.1,"",16.3,"","05","",0,"",0,24,0
"250180580","DRONIOWICE","2024","03",24.1,"",13.6,"",-4.0,"",3.0,"",7.3,"",-7.6,"",28.2,"",5.0,"","23","",0,"",0,13,0
"250180580","DRONIOWICE","2024","04",27.7,"",16.8,"",-4.8,"",5.7,"",10.7,"",-7.0,"",49.5,"",14.1,"","01","",0,"",0,14,0
"250190160","LGOTA GÓRNA","2024","01",9.1,"",2.3,"",-19.9,"",-3.1,"",-.8,"",-16.0,"",68.6,"",10.5,"","01","",20,"",18,9,10
"250190160","LGOTA GÓRNA","2024","02",16.8,"",9.1,"",-2.0,"",3.2,"",5.8,"",-4.1,"",71.3,"",19.4,"","05","",0,"",0,21,0
"250190160","LGOTA GÓRNA","2024","03",22.9,"",11.9,"",-4.0,"",2.7,"",6.5,"",-8.1,"",35.4,"",7.5,"","12","",0,"",0,12,1
"250190160","LGOTA GÓRNA","2024","04",26.8,"",16.3,"",-5.6,"",5.6,"",10.5,"",-9.0,"",46.3,"",12.5,"","01","",0,"",0,11,1
"250190390","KRAKÓW-OBSERWATORIUM","2024","01",11.3,"",3.8,"",-16.7,"",-2.3,"",.3,"",-21.9,"",74.9,"",13.9,"","01","",11,"",17,10,11
"250190390","KRAKÓW-OBSERWATORIUM","2024","02",18.2,"",10.9,"",-1.9,"",3.8,"",6.8,"",-4.2,"",66.1,"",14.1,"","05","",0,"",0,13,2
"250190390","KRAKÓW-OBSERWATORIUM","2024","03",26.1,"",13.1,"",-1.9,"",3.9,"",7.7,"",-5.4,"",36.0,"",5.6,"","06","",0,"",0,13,3
"250190390","KRAKÓW-OBSERWATORIUM","2024","04",29.1,"",18.4,"",.8,"",7.1,"",12.1,"",-2.3,"",63.3,"",18.1,"","02","",0,"",0,13,1
"250210050","ŒWIÊTY KRZY¯","2024","01",5.9,"",.0,"",-15.3,"",-4.3,"",-2.4,"",-20.8,"",103.0,"",15.8,"","24","",27,"",25,3,17
"250210050","ŒWIÊTY KRZY¯","2024","02",13.9,"",6.5,"",-3.7,"",1.9,"",4.0,"",-5.4,"",68.6,"",10.4,"","08","",11,"",4,15,3
"250210050","ŒWIÊTY KRZY¯","2024","03",20.9,"",8.3,"",-5.0,"",1.8,"",4.4,"",-6.0,"",49.0,"",15.2,"","04","",1,"",2,15,1
"250210050","ŒWIÊTY KRZY¯","2024","04",24.3,"",14.2,"",-2.6,"",5.9,"",9.3,"",-4.5,"",44.3,"",9.8,"","02","",0,"",0,8,2
"250210130","STASZÓW","2024","01",10.6,"",2.5,"",-21.7,"",-4.3,"",-1.3,"",.0,"8",67.8,"",15.2,"","01","",10,"",18,11,7
"250210130","STASZÓW","2024","02",17.3,"",9.5,"",-3.6,"",2.5,"",5.5,"",.0,"8",44.0,"",8.8,"","08","",3,"",1,15,1
"250210130","STASZÓW","2024","03",24.7,"",11.6,"",-6.3,"",2.2,"",6.2,"",.0,"8",31.6,"",8.2,"","10","",0,"",0,13,1
"250210130","STASZÓW","2024","04",26.4,"",17.4,"",-3.3,"",4.4,"",10.6,"",.0,"8",40.8,"",14.0,"","24","",0,"",0,11,0
"250220120","JAROCIN","2024","01",9.4,"",2.7,"",-23.1,"",-4.0,"",-.9,"",.0,"8",89.2,"",17.5,"","01","",12,"",12,9,11
"250220120","JAROCIN","2024","02",15.8,"",9.4,"",-3.5,"",3.2,"",6.0,"",.0,"8",65.7,"",10.2,"","25","",2,"",1,17,2
"250220120","JAROCIN","2024","03",23.8,"",11.0,"",-6.5,"",2.6,"",6.2,"",.0,"8",42.3,"",15.3,"","04","",0,"",0,12,2
"250220120","JAROCIN","2024","04",26.3,"",16.9,"",-4.5,"",4.9,"",10.8,"",.0,"8",28.6,"",10.5,"","02","",0,"",0,6,0
"250240010","STRZY¯ÓW","2024","01",8.0,"",1.9,"",-18.5,"",-4.3,"",-1.5,"",-20.6,"",73.7,"",16.9,"","01","",14,"",19,8,11
"250240010","STRZY¯ÓW","2024","02",16.4,"",8.8,"",-3.2,"",2.6,"",5.2,"",-4.4,"",42.1,"",9.2,"","08","",9,"",2,18,2
"250240010","STRZY¯ÓW","2024","03",23.4,"",10.6,"",-5.2,"",1.5,"",5.3,"",-7.0,"",31.7,"",6.3,"","06","",1,"",1,12,3
"250240010","STRZY¯ÓW","2024","04",25.8,"",17.3,"",-1.1,"",5.5,"",10.8,"",-2.9,"",55.3,"",24.9,"","02","",0,"",0,8,0
"251150060","CEBER","2024","01",12.9,"",4.0,"",-12.8,"",-2.3,"",.6,"",-17.7,"",28.9,"",8.6,"","02","",8,"",9,9,7
"251150060","CEBER","2024","02",15.5,"",10.4,"",-1.5,"",3.9,"",6.8,"",-6.7,"",64.3,"",11.4,"","04","",0,"",0,21,1
"251150060","CEBER","2024","03",23.4,"",13.2,"",-4.5,"",3.3,"",7.5,"",-8.8,"",12.3,"",3.8,"","25","",0,"",0,8,0
"251150060","CEBER","2024","04",28.7,"",17.6,"",-4.3,"",5.4,"",10.8,"",-9.8,"",15.0,"",3.6,"","14","",0,"",0,14,0
"251160320","RADZYÑ","2024","01",12.4,"",3.9,"",-13.4,"",-2.4,"",.6,"",-17.4,"",36.0,"",10.5,"","02","",5,"",10,8,11
"251160320","RADZYÑ","2024","02",15.4,"",10.0,"",-2.0,"",3.6,"",6.7,"",-6.1,"",75.6,"",13.3,"","04","",0,"",0,20,1
"251160320","RADZYÑ","2024","03",23.4,"",12.9,"",-5.0,"",3.4,"",7.6,"",-8.5,"",14.5,"",3.3,"","23","",0,"",0,11,0
"251160320","RADZYÑ","2024","04",28.5,"",17.2,"",-2.5,"",5.9,"",11.3,"",-6.2,"",29.9,"",6.8,"","19","",0,"",0,12,1
"251190050","PUCZNIEW","2024","01",11.9,"",4.5,"",-15.9,"",-2.3,"",.4,"",-17.8,"",52.9,"",7.5,"","24","",6,"",13,10,9
"251190050","PUCZNIEW","2024","02",15.6,"",10.3,"",-1.5,"",3.9,"",6.5,"",-4.2,"",55.1,"",6.8,"","23","",4,"",1,21,2
"251190050","PUCZNIEW","2024","03",26.2,"",13.3,"",-5.0,"",3.6,"",7.4,"",-8.1,"",16.9,"",5.5,"","12","",0,"",0,13,0
"251190050","PUCZNIEW","2024","04",30.3,"",18.7,"",-2.2,"",6.4,"",11.6,"",-5.3,"",23.5,"",8.4,"","01","",0,"",0,10,0
"251200030","SKIERNIEWICE","2024","01",10.0,"",3.0,"",-16.1,"",-2.7,"",-.1,"",-18.6,"",56.5,"",9.6,"","01","",10,"",18,10,11
"251200030","SKIERNIEWICE","2024","02",16.3,"",9.5,"",-1.2,"",3.4,"",6.1,"",-3.2,"",47.3,"",6.9,"","20","",0,"",0,21,2
"251200030","SKIERNIEWICE","2024","03",24.8,"",11.5,"",-4.0,"",3.2,"",6.6,"",-6.8,"",31.0,"",5.6,"","23","",0,"",0,8,4
"251200030","SKIERNIEWICE","2024","04",27.7,"",16.6,"",-.8,"",6.3,"",11.1,"",-4.2,"",31.4,"",6.1,"","19","",0,"",0,11,0
"251210040","JARCZEW","2024","01",7.8,"",2.0,"",-17.6,"",-4.5,"",-1.3,"",-20.3,"",75.0,"",16.9,"","01","",8,"",19,8,12
"251210040","JARCZEW","2024","02",14.6,"",8.6,"",-2.1,"",3.0,"",5.5,"",-4.0,"",50.7,"",6.8,"","23","",2,"",2,17,2
"251210040","JARCZEW","2024","03",22.9,"",10.0,"",-5.1,"",2.2,"",5.5,"",-7.1,"",26.9,"",7.0,"","28","",0,"",0,12,3
"251210040","JARCZEW","2024","04",25.7,"",15.8,"",-.7,"",6.2,"",10.5,"",-5.0,"",27.9,"",6.1,"","04","",0,"",0,11,0
"252150120","GORZYÑ","2024","01",10.9,"",4.0,"",-17.8,"",-1.8,"",.9,"",-19.5,"",53.4,"",12.3,"","02","",4,"",15,12,6
"252150120","GORZYÑ","2024","02",14.3,"",9.3,"",-1.5,"",4.3,"",6.4,"",-6.4,"",64.7,"",9.8,"","09","",0,"",0,23,2
"252150120","GORZYÑ","2024","03",23.0,"",12.5,"",-4.5,"",3.5,"",7.2,"",-9.4,"",26.6,"",9.8,"","23","",0,"",0,14,0
"252150120","GORZYÑ","2024","04",27.8,"",17.0,"",-2.8,"",6.4,"",10.8,"",-6.6,"",41.3,"",5.7,"","19","",0,"",0,15,1
"252150270","BABIMOST","2024","01",11.7,"",3.7,"",-15.4,"",-2.5,"",.3,"",.0,"8",36.7,"",11.8,"","02","",4,"",7,9,8
"252150270","BABIMOST","2024","02",14.7,"",9.7,"",-3.4,"",3.5,"",6.4,"",.0,"8",72.7,"",13.5,"","04","",0,"",0,17,2
"252150270","BABIMOST","2024","03",22.4,"",12.7,"",-6.2,"",2.3,"",6.9,"",.0,"8",22.1,"",6.2,"","23","",0,"",0,10,0
"252150270","BABIMOST","2024","04",27.8,"",16.9,"",-2.9,"",4.8,"",10.6,"",.0,"8",31.7,"",12.9,"","15","",0,"",0,11,0
"252160230","WIELICHOWO","2024","01",11.7,"",3.9,"",-13.4,"",-2.6,"",.5,"",-13.4,"",39.7,"",11.1,"","02","",3,"",8,9,9
"252160230","WIELICHOWO","2024","02",15.0,"",10.0,"",-2.5,"",3.8,"",6.6,"",-4.1,"",78.4,"",11.3,"","04","",0,"",0,22,1
"252160230","WIELICHOWO","2024","03",22.9,"",12.8,"",-3.7,"",3.4,"",7.5,"",-5.5,"",19.3,"",5.3,"","22","",0,"",0,12,0
"252160230","WIELICHOWO","2024","04",27.0,"",16.8,"",-2.6,"",5.2,"",10.7,"",-3.3,"",28.5,"",4.6,"","01","",0,"",0,12,1
"252180080","KO£UDA WIELKA","2024","01",10.8,"",3.3,"",-15.5,"",-2.3,"",.1,"",-18.9,"",47.5,"",9.2,"","03","",3,"",17,10,6
"252180080","KO£UDA WIELKA","2024","02",14.8,"",10.0,"",-1.7,"",3.5,"",6.1,"",-3.2,"",60.8,"",9.6,"","23","",0,"",0,24,0
"252180080","KO£UDA WIELKA","2024","03",23.2,"",12.3,"",-3.6,"",3.6,"",6.9,"",-6.0,"",19.8,"",6.9,"","23","",0,"",0,14,0
"252180080","KO£UDA WIELKA","2024","04",28.3,"",16.8,"",-1.5,"",6.0,"",10.5,"",-4.0,"",43.8,"",10.8,"","15","",0,"",0,13,0
"252200120","LEGIONOWO","2024","01",8.8,"",2.2,"",-16.5,"",-3.0,"",-.6,"",-16.7,"",57.3,"",12.7,"","03","",13,"",20,7,11
"252200120","LEGIONOWO","2024","02",16.5,"",8.9,"",-1.3,"",3.2,"",5.6,"",-2.1,"",49.3,"",8.2,"","23","",0,"",0,20,1
"252200120","LEGIONOWO","2024","03",25.9,"",11.6,"",-5.4,"",2.7,"",6.4,"",-7.5,"",20.0,"",5.0,"","23","",0,"",0,9,2
"252200120","LEGIONOWO","2024","04",28.2,"",16.8,"",-1.6,"",6.4,"",.0,"8",-3.1,"",31.9,"",7.9,"","02","",0,"",0,11,0
"252200230","WARSZAWA-FILTRY","2024","01",8.1,"",2.4,"",-13.6,"",-2.4,"",-.2,"",-14.9,"",69.2,"",13.0,"","01","03",0,"",0,7,14
"252200230","WARSZAWA-FILTRY","2024","02",16.6,"",9.0,"",-.6,"",3.7,"",6.0,"",-2.8,"",64.5,"",8.9,"","23","",0,"",0,23,1
"252200230","WARSZAWA-FILTRY","2024","03",25.8,"",11.7,"",-3.1,"",3.6,"",7.0,"",-5.3,"",36.4,"",8.5,"","16","",0,"",0,11,2
"252200230","WARSZAWA-FILTRY","2024","04",28.5,"",16.9,"",.4,"",7.1,"",11.5,"",-2.4,"",41.6,"",10.8,"","05","",0,"",0,11,0
"252210050","PU£TUSK","2024","01",7.6,"",1.8,"",-15.2,"",-3.6,"",-1.1,"",-15.9,"",36.9,"",8.9,"","01","",0,"",0,15,0
"252210050","PU£TUSK","2024","02",16.2,"",8.3,"",-1.5,"",3.0,"",5.2,"",-2.8,"",28.0,"",5.8,"","23","",0,"",0,19,0
"252210050","PU£TUSK","2024","03",24.8,"",10.9,"",-4.0,"",2.8,"",6.2,"",-5.8,"",27.4,"",7.3,"","23","",0,"",0,13,0
"252210050","PU£TUSK","2024","04",27.4,"",16.0,"",-1.5,"",6.1,"",10.6,"",-3.0,"",33.7,"",12.3,"","02","",0,"",0,13,0
"252210170","WARSZAWA-OBSERWATORIUM II","2024","01",7.7,"",2.2,"",-14.2,"",-2.5,"",-.4,"",.0,"8",.0,"8",.0,"8","12","",0,"",0,0,0
"252210170","WARSZAWA-OBSERWATORIUM II","2024","02",14.8,"",8.5,"",-.7,"",3.4,"",5.6,"",.0,"8",.0,"8",.0,"8","12","",0,"",0,0,0
"252210170","WARSZAWA-OBSERWATORIUM II","2024","03",24.6,"",10.9,"",-2.4,"",3.2,"",6.4,"",.0,"8",.0,"8",.0,"8","12","",0,"",0,0,0
"252210170","WARSZAWA-OBSERWATORIUM II","2024","04",27.7,"",16.1,"",.5,"",6.7,"",10.9,"",.0,"8",.0,"8",.0,"8","20","",0,"",0,0,0
"252220030","SZEPIETOWO","2024","01",4.8,"",.5,"",-16.1,"",-5.0,"",-2.3,"",-22.0,"",58.6,"",10.0,"","04","",24,"",26,5,15
"252220030","SZEPIETOWO","2024","02",12.8,"",7.1,"",-2.9,"",1.6,"",4.1,"",-6.9,"",70.6,"",15.0,"","06","",2,"",2,13,5
"252220030","SZEPIETOWO","2024","03",22.6,"",9.3,"",-5.3,"",1.7,"",5.0,"",-10.0,"",27.6,"",10.1,"","23","",1,"",1,6,2
"252220030","SZEPIETOWO","2024","04",25.1,"",14.9,"",-1.0,"",5.0,"",9.9,"",-5.9,"",41.5,"",9.8,"","20","",0,"",0,14,0
"252230120","BIA£OWIE¯A","2024","01",5.5,"",-.1,"",-21.0,"",-5.9,"",-3.2,"",-24.0,"",69.1,"",12.0,"","01","",32,"",30,6,15
"252230120","BIA£OWIE¯A","2024","02",14.2,"",7.1,"",-3.9,"",1.7,"",4.0,"",-6.5,"",79.0,"",16.4,"","04","",4,"",6,15,6
"252230120","BIA£OWIE¯A","2024","03",24.5,"",9.7,"",-6.8,"",.8,"",4.6,"",-7.8,"",33.6,"",12.8,"","04","",0,"",0,9,2
"252230120","BIA£OWIE¯A","2024","04",26.2,"",15.5,"",-1.2,"",5.2,"",10.2,"",-3.7,"",38.2,"",9.0,"","02","",0,"",0,13,0
"253140060","GOLENIÓW","2024","01",10.6,"",3.5,"",-13.5,"",-2.0,"",.7,"",.0,"8",39.9,"",9.1,"","02","",3,"",11,9,6
"253140060","GOLENIÓW","2024","02",14.7,"",8.3,"",-3.8,"",2.9,"",5.4,"",.0,"8",51.2,"",7.9,"","05","",0,"",0,19,1
"253140060","GOLENIÓW","2024","03",22.1,"",12.1,"",-5.7,"",3.1,"",7.0,"",.0,"8",14.9,"",9.3,"","16","",0,"",0,8,0
"253140060","GOLENIÓW","2024","04",27.5,"",15.4,"",-5.4,"",5.5,"",10.1,"",.0,"8",46.7,"",13.7,"","15","",0,"",0,11,0
"253170210","CHRZ¥STOWO","2024","01",9.4,"",2.1,"",-14.6,"",-2.8,"",-.5,"",-19.0,"",48.5,"",11.5,"","03","",3,"",15,10,10
"253170210","CHRZ¥STOWO","2024","02",13.2,"",7.6,"",-2.4,"",2.5,"",4.9,"",-7.0,"",73.3,"",10.3,"","23","",0,"",0,26,1
"253170210","CHRZ¥STOWO","2024","03",21.8,"",10.9,"",-2.9,"",3.0,"",6.4,"",-8.7,"",26.1,"",7.1,"","23","",0,"",0,14,1
"253170210","CHRZ¥STOWO","2024","04",26.5,"",15.7,"",-2.1,"",5.3,"",10.1,"",-6.1,"",41.3,"",11.1,"","15","",0,"",0,10,2
"253220070","BIEBRZA-PIEÑCZYKÓWEK","2024","01",5.3,"",.0,"",-23.1,"",-6.4,"",-3.2,"",-24.8,"",49.5,"",9.1,"","20","",0,"",21,4,15
"253220070","BIEBRZA-PIEÑCZYKÓWEK","2024","02",13.0,"",7.0,"",-8.3,"",.1,"",3.3,"",-9.1,"",94.5,"",18.9,"","06","",2,"",3,16,6
"253220070","BIEBRZA-PIEÑCZYKÓWEK","2024","03",23.9,"",9.7,"",-8.8,"",-.1,"",4.3,"",-10.7,"",26.9,"",8.2,"","23","",0,"",0,10,1
"253220070","BIEBRZA-PIEÑCZYKÓWEK","2024","04",26.6,"",14.7,"",-4.1,"",3.7,"",9.1,"",-4.8,"",47.9,"",9.1,"","05","",0,"",0,15,0
"253220330","MARIANOWO II","2024","01",4.9,"",.1,"",-18.6,"",-5.0,"",-2.5,"",-21.8,"",45.6,"",10.7,"","01","",25,"",26,5,14
"253220330","MARIANOWO II","2024","02",13.2,"",7.0,"",-3.3,"",1.8,"",4.1,"",-5.4,"",70.5,"",12.0,"","06","",2,"",3,17,5
"253220330","MARIANOWO II","2024","03",22.8,"",9.1,"",-4.8,"",1.8,"",4.9,"",-5.0,"",23.3,"",7.9,"","23","",0,"",0,8,3
"253220330","MARIANOWO II","2024","04",25.7,"",14.7,"",-1.0,"",5.9,"",10.0,"",-2.3,"",37.0,"",9.0,"","17","",0,"",0,14,0
"253230020","RÓ¯ANYSTOK","2024","01",4.4,"",-.4,"",-21.4,"",-6.0,"",-3.3,"",-24.1,"",.0,"8",.0,"8","13","",28,"",29,0,0
"253230020","RÓ¯ANYSTOK","2024","02",13.6,"",6.9,"",-5.2,"",1.4,"",3.8,"",-6.9,"",77.4,"",16.0,"","06","",2,"",1,17,4
"253230020","RÓ¯ANYSTOK","2024","03",23.7,"",9.0,"",-5.2,"",1.3,"",4.7,"",-7.3,"",34.1,"",7.4,"","05","",5,"",1,9,2
"253230020","RÓ¯ANYSTOK","2024","04",27.1,"",14.7,"",-1.2,"",5.6,"",9.8,"",-3.6,"",57.0,"",16.5,"","14","",0,"",0,15,0
"254180090","GDAÑSK-RÊBIECHOWO","2024","01",7.7,"",1.6,"",-13.8,"",-3.1,"",-.8,"",.0,"8",65.5,"",12.6,"","03","",22,"",21,6,13
"254180090","GDAÑSK-RÊBIECHOWO","2024","02",13.4,"",6.4,"",-5.1,"",1.5,"",3.7,"",.0,"8",91.2,"",19.5,"","06","",4,"",4,22,4
"254180090","GDAÑSK-RÊBIECHOWO","2024","03",21.6,"",9.0,"",-4.5,"",2.3,"",5.1,"",.0,"8",25.2,"",13.3,"","11","",2,"",1,8,5
"254180090","GDAÑSK-RÊBIECHOWO","2024","04",24.2,"",13.6,"",-1.7,"",4.9,"",8.8,"",.0,"8",60.1,"",16.5,"","19","",0,"",0,8,7
"254200080","LIDZBARK WARMIÑSKI","2024","01",7.2,"",.9,"",-22.0,"",-4.4,"",-1.8,"",-23.0,"",74.1,"",11.5,"","24","",22,"",24,6,16
"254200080","LIDZBARK WARMIÑSKI","2024","02",13.7,"",7.2,"",-3.2,"",1.8,"",4.3,"",-8.0,"",90.1,"",23.3,"","06","",2,"",1,19,6
"254200080","LIDZBARK WARMIÑSKI","2024","03",22.5,"",9.8,"",-5.3,"",2.0,"",5.5,"",-10.5,"",33.2,"",7.8,"","11","",0,"",0,11,3
"254200080","LIDZBARK WARMIÑSKI","2024","04",25.9,"",14.3,"",-1.2,"",5.2,"",9.6,"",-4.4,"",40.8,"",10.2,"","16","",0,"",0,15,1
"254220090","OLECKO","2024","01",5.0,"",-.3,"",-19.2,"",-6.1,"",-3.3,"",-21.2,"",54.9,"",8.8,"","24","",31,"",30,6,15
"254220090","OLECKO","2024","02",10.5,"",5.6,"",-4.9,"",.8,"",3.0,"",-6.0,"",108.0,"",20.5,"","06","",8,"",5,18,5
"254220090","OLECKO","2024","03",22.4,"",8.4,"",-4.9,"",.9,"",4.2,"",-5.6,"",32.8,"",8.0,"","28","",0,"",0,7,4
"254220090","OLECKO","2024","04",26.2,"",13.5,"",-.9,"",5.2,"",9.1,"",-1.7,"",51.9,"",7.3,"","16","",0,"",0,18,0
